[{"id":"1","0":"1","Name":"Pasig, NCR, Philippines - C. Raymundo Pasig","1":"Pasig, NCR, Philippines - C. Raymundo Pasig","Lon":"121.085110","2":"121.085110","Lat":"14.576377","3":"14.576377","Radius":"5","4":"5"},{"id":"2","0":"2","Name":"Pasig, NCR, Philippines - Ayala Terminal","1":"Pasig, NCR, Philippines - Ayala Terminal","Lon":"120.709128","2":"120.709128","Lat":"15.219787","3":"15.219787","Radius":"5","4":"5"},{"id":"3","0":"3","Name":"Pasig, NCR, Philippines - Makati Terminal","1":"Pasig, NCR, Philippines - Makati Terminal","Lon":"121.024445","2":"121.024445","Lat":"14.554729","3":"14.554729","Radius":"5","4":"5"},{"id":"4","0":"4","Name":"Pasig, NCR, Philippines - Edsa Terminal","1":"Pasig, NCR, Philippines - Edsa Terminal","Lon":"121.029564","2":"121.029564","Lat":"14.550536","3":"14.550536","Radius":"5","4":"5"},{"id":"5","0":"5","Name":"Pasig, NCR, Philippines - Arnais Terminal","1":"Pasig, NCR, Philippines - Arnais Terminal","Lon":"121.018170","2":"121.018170","Lat":"14.551014","3":"14.551014","Radius":"5","4":"5"},{"id":"6","0":"6","Name":"Pasig, NCR, Philippines - Don Bosco Terminal","1":"Pasig, NCR, Philippines - Don Bosco Terminal","Lon":"121.015016","2":"121.015016","Lat":"14.544056","3":"14.544056","Radius":"5","4":"5"},{"id":"7","0":"7","Name":"Sucat Paranaque, Philippines - San Lorenzo Te","1":"Sucat Paranaque, Philippines - San Lorenzo Te","Lon":"121.021217","2":"121.021217","Lat":"14.547005","3":"14.547005","Radius":"5","4":"5"},{"id":"8","0":"8","Name":"Sucat Paranaque, Philippines - Don Bosco Term","1":"Sucat Paranaque, Philippines - Don Bosco Term","Lon":"121.014501","2":"121.014501","Lat":"14.545053","3":"14.545053","Radius":"5","4":"5"},{"id":"9","0":"9","Name":"Sucat Paranaque, Philippines - Chino Roses Te","1":"Sucat Paranaque, Philippines - Chino Roses Te","Lon":"121.018363","2":"121.018363","Lat":"14.540899","3":"14.540899","Radius":"5","4":"5"},{"id":"10","0":"10","Name":"Sucat Paranaque, Philippines - Clemente Termi","1":"Sucat Paranaque, Philippines - Clemente Termi","Lon":"121.010016","2":"121.010016","Lat":"14.535789","3":"14.535789","Radius":"5","4":"5"},{"id":"11","0":"11","Name":"Sucat Paranaque, Philippines - Clemente Termi","1":"Sucat Paranaque, Philippines - Clemente Termi","Lon":"121.010016","2":"121.010016","Lat":"14.535789","3":"14.535789","Radius":null,"4":null}]